game,who
Catchy!,Greg
Mint Delivery,Greg
Sushi Go!,Greg
The Suits: Season 1,Greg
Hardback,Greg
The Fox in the Forest Duet,Greg
Spaceteam,Greg
Small Star Empires,Greg
Walk the Plank!,Greg
Ravine,Greg
Tinners' Trail,Greg
La Strada,Greg
Pan Am,Greg
60 Second City,Greg
Fast & Furious: Highway Heist,Greg
Jaws,Greg
Vengeance,Greg
Rocketmen,Greg
A Few Acres of Snow,Greg
New York Zoo,Greg
Stronghold,Greg
Aladdin's Dragons,Greg
Namiji,Greg
For Sale,Greg
Fantastic Factories + All Expansions,Greg
Fire Tower,Greg
John Company: Second Edition,Greg
Nemo's War: The Ultimate Edition,Greg
Squaring Circleville,Greg
Living Forest,Greg
Above and Below,Greg
1849: The Game of Sicilian Railways,Wooyoung
1860: Railways on the Isle of Wight,Wooyoung
Cartographers,Wooyoung
The Castles of Burgundy,Wooyoung
La Cosa Nostra,Wooyoung
"Counter-Attack: The Battle of Arras, 1940",Wooyoung
Dual Gauge,Wooyoung
In Magnificent Style: Pickett's Charge,Wooyoung
Judge Dredd: The Cursed Earth,Wooyoung
Matryoshka,Wooyoung
Monty's Gamble: Market Garden,Wooyoung
Mac and Lee,Wooyoung
"Operation Battleaxe:  Wavell vs. Rommel, 1941",Wooyoung
Our God Was My Shield: Jackson's Valley Campaign,Wooyoung
Pan Am,Wooyoung
Polis,Wooyoung
"Return to the Rock: Corregidor, 1945",Wooyoung
"Runebound, 3rd edition",Wooyoung
"The Siege of Orgun: Afghanistan, 1983",Wooyoung
Wallenstein (Second Edition),Wooyoung
War Stories: Liberty Road,Wooyoung
Welcome To...,Wooyoung
Verdant,Wooyoung
Dog Park,Veronica
Fog of Love,Veronica
New Angeles,Veronica
Tikal,Veronica
Paper Safari,Veronica
Codex: Card-Time Strategy – Core Set,Aditya
Ashes Reborn: Rise of the Phoenixborn,Aditya
The Castles of Burgundy,Aditya
Small World,Aditya
Arkham Horror: The Card Game,Shrey
Ascension: Deckbuilding Game,Shrey
CO₂,Shrey
Harry Potter Miniatures Adventure Game,Shrey
Idiom Addict,Shrey
Jaipur (2009),Shrey
Legendary: A Marvel Deck Building Game,Shrey
Mountains of Madness,Shrey
Raxxon,Shrey
Red Rising,Shrey
Santorini,Shrey
Sheriff of Nottingham,Shrey
Sushi Go Party!,Shrey
First Martians: Adventures on the Red Planet,Chris
Viticulture: Complete Collector's Edition,Chris
City of Iron,Chris
Pixie Queen,Chris
Jórvík,Chris
Aeon's End: Return to Gravehold,Chris
Aeon's End: Southern Village,Chris
The Manhattan Project: Energy Empire,Chris
Snowdonia: Deluxe Master Set,Chris
Hangtown,Chris
KeyForge: Call of the Archons,Chris
Empires: Age of Discovery,Chris
Duelosaur Island,Chris
Caverna: Cave vs Cave,Greg
Keep the Heroes Out!,Chris
The Castles of Burgundy: The Card Game,Chris
Neuroshima: Convoy,Chris
Kanban: Driver's Edition,Chris
Great Western Trail,Chris
Ground Floor,Chris
ZhanGuo,Chris